{
  "attributes": {
    "attack_range": 2.75,
    "pose": "bettercombat:pose_two_handed_katana",
    "category": "rapier",
    "attacks": [
      {
        "hitbox": "HORIZONTAL_PLANE",
        "damage_multiplier": 0.9,
        "angle": 90,
        "upswing": 0.5,
        "animation": "bettercombat:one_handed_slash_horizontal_left",
        "swing_sound": {
          "id": "bettercombat:rapier_slash"
        }
      },
      {
        "hitbox": "FORWARD_BOX",
        "damage_multiplier": 1.1,
        "angle": 0,
        "upswing": 0.5,
        "animation": "bettercombat:one_handed_stab",
        "swing_sound": {
          "id": "bettercombat:rapier_stab"
        }
      }
    ]
  }
}